battle,belligerent,fullname,rank,navy,last_name,first_name,middle_name,suffix
AL001,Confederate,Nathan Bedford Forrest,Brigadier General,False,Forrest,Nathan,Bedford,
AL001,US,Abel Streight,Colonel,False,Streight,Abel,,
AL002,Confederate,Nathan Bedford Forrest,Major General,False,Forrest,Nathan,Bedford,
AL002,US,Wallace Campbell,Colonel,False,Campbell,Wallace,,
AL002,US,Jonas Elliott,Lieutenant Colonel,False,Elliott,Jonas,,
AL002,US,W. H. Lathrop,Colonel,False,Lathrop,W.,H.,
AL002,US,George Spalding,Colonel,False,Spalding,George,,
AL003,Confederate,Franklin Buchanan,Admiral,True,Buchanan,Franklin,,
AL003,Confederate,Dabney H. Maury,Major General,False,Maury,Dabney,H.,
AL003,US,David G. Farragut,Rear Admiral,True,Farragut,David,G.,
AL003,US,Gordon Granger,Major General,False,Granger,Gordon,,
AL004,Confederate,John Bell Hood,General,False,Hood,John,Bell,
AL004,US,Robert S. Granger,Brigadier General,False,Granger,Robert,S.,
AL005,Confederate,Randall L. Gibson,Brigadier General,False,Gibson,Randall,L.,
AL005,US,E.R.S. Canby,Major General,False,Canby,E.R.S.,,
AL006,US,E.R.S. Canby,Major General,False,Canby,E.R.S.,,
AL007,Confederate,Nathan B. Forrest,Lieutenant General,False,Forrest,Nathan,B.,
AL007,US,James H. Wilson,Major General,False,Wilson,James,H.,
AR001,Confederate,Earl Van Dorn,Major General,False,Van Dorn,Earl,,
AR001,US,Samuel R. Curtis,Brigadier General,False,Curtis,Samuel,R.,
AR002,US,Augustus H. Kilty,Commander,True,Kilty,Augustus,H.,
AR002,US,Graham N. Fitch,Colonel,False,Fitch,Graham,N.,
AR003,Confederate,Albert Rust,Brigadier General,False,Rust,Albert,,
AR003,Confederate,William H. Parsons,Colonel,False,Parsons,William,H.,
AR003,US,Charles Hovey,Colonel,False,Hovey,Charles,,
AR003,US,William P. Benton,Brigadier General,False,Benton,William,P.,
AR004,Confederate,John S. Marmaduke,Brigadier General,False,Marmaduke,John,S.,
AR004,US,James G. Blunt,Brigadier General,False,Blunt,James,G.,
AR005,Confederate,Thomas C. Hindman,Major General,False,Hindman,Thomas,C.,
AR005,US,James G. Blunt,Brigadier General,False,Blunt,James,G.,
AR005,US,Francis J. Herron,Brigadier General,False,Herron,Francis,J.,
AR006,Confederate,Thomas J. Churchill,Brigadier General,False,Churchill,Thomas,J.,
AR006,US,John A. McClernand,Major General,False,McClernand,John,A.,
AR006,US,David D. Porter,Acting Rear Admiral,True,Porter,David,D.,
AR007,Confederate,John S. Marmaduke,Brigadier General,False,Marmaduke,John,S.,
AR007,US,William Vandever,Brigadier General,False,Vandever,William,,
AR008,Confederate,Theophilus H. Holmes,Lieutenant General,False,Holmes,Theophilus,H.,
AR008,US,Benjamin M. Prentiss,Major General,False,Prentiss,Benjamin,M.,
AR008,US,James M. Prichett,Lieutenant Commander,True,Prichett,James,M.,
AR009,Confederate,William L. Cabell,Brigadier General,False,Cabell,William,L.,
AR009,US,William F. Cloud,Colonel,False,Cloud,William,F.,
AR010,Confederate,John S. Marmaduke,Brigadier General,False,Marmaduke,John,S.,
AR010,US,Frederick Steele,Major General,False,Steele,Frederick,,
AR010,US,John W. Davidson,Brigadier General,False,Davidson,John,W.,
AR011,Confederate,John S. Marmaduke,Brigadier General,False,Marmaduke,John,S.,
AR011,US,Powell Clayton,Colonel,False,Clayton,Powell,,
AR012,Confederate,John S. Marmaduke,Brigadier General,False,Marmaduke,John,S.,
AR012,US,Frederick Steele,Major General,False,Steele,Frederick,,
AR013,Confederate,Sterling Price,Major General,False,Price,Sterling,,
AR013,US,Frederick Steele,Major General,False,Steele,Frederick,,
AR014,Confederate,John S. Marmaduke,Brigadier General,False,Marmaduke,John,S.,
AR014,Confederate,Samuel Bell Maxey,Brigadier General,False,Maxey,Samuel,Bell,
AR014,US,James M. Williams,Colonel,False,Williams,James,M.,
AR015,Confederate,James B. Fagan,Brigadier General,False,Fagan,James,B.,
AR015,US,Francis Drake,Lieutenant Colonel,False,Drake,Francis,,
AR016,Confederate,Sterling Price,Major General,False,Price,Sterling,,
AR016,US,Frederick Salomon,Brigadier General,False,Salomon,Frederick,,
AR017,Confederate,Colton Greene,Colonel,False,Greene,Colton,,
AR017,US,Joseph Mower,Brigadier General,False,Mower,Joseph,,
AR018,Confederate,John S. Marmaduke,Brigadier General,False,Marmaduke,John,S.,
AR018,US,John W. Davidson,Brigadier General,False,Davidson,John,W.,
CO001,US,John Chivington,Colonel,False,Chivington,John,,
DC001,Confederate,Jubal A. Early,Lieutenant General,False,Early,Jubal,A.,
DC001,US,Horatio G. Wright,Major General,False,Wright,Horatio,G.,
DC001,US,Alexander McDowell McCook,Major General,False,McCook,Alexander,McDowell,
FL001,Confederate,Richard H. Anderson,Brigadier General,False,Anderson,Richard,H.,
FL001,US,Harvey Brown,Colonel,False,Brown,Harvey,,
FL002,Confederate,John W. Pearson,Captain,False,Pearson,John,W.,
FL002,US,A.J. Drake,Captain,True,Drake,A.J.,,
FL003,Confederate,Charles F. Hopkins,Lieutenant Colonel,False,Hopkins,Charles,F.,
FL003,US,John M. Brannan,Brigadier General,False,Brannan,John,M.,
FL003,US,Charles Steedman,Commander,True,Steedman,Charles,,
FL004,Confederate,John Westcott,Captain,False,Westcott,John,,
FL004,US,A. A. Semmes,Lieutenant Commander,True,Semmes,A.,A.,
FL004,US,Thomas R. Harris,Acting Master,True,Harris,Thomas,R.,
FL005,Confederate,Joseph Finegan,Brigadier General,False,Finegan,Joseph,,
FL005,Confederate,Alfred H. Colquitt,Brigadier General,False,Colquitt,Alfred,H.,
FL005,US,Truman Seymour,Brigadier General,False,Seymour,Truman,,
FL006,Confederate,William Miller,Brigadier General,False,Miller,William,,
FL006,US,John Newton,Major General,False,Newton,John,,
GA001,Confederate,Charles H. Olmstead,Colonel,False,Olmstead,Charles,H.,
GA001,US,David Hunter,Major General,False,Hunter,David,,
GA001,US,Quincy A. Gillmore,Captain,False,Gillmore,Quincy,A.,
GA002,Confederate,George A. Anderson,Captain,False,Anderson,George,A.,
GA002,US,Samuel F. Du Pont,Rear Admiral,True,Pont,Samuel,F. Du,
GA003,Confederate,Thomas C. Hindman,Major General,False,Hindman,Thomas,C.,
GA003,US,James Negley,Major General,False,Negley,James,,
GA004,Confederate,Braxton Bragg,General,False,Bragg,Braxton,,
GA004,US,William S. Rosecrans,Major General,False,Rosecrans,William,S.,
GA004,US,George H. Thomas,Major General,False,Thomas,George,H.,
GA005,Confederate,Patrick R. Cleburne,Major General,False,Cleburne,Patrick,R.,
GA005,US,Joseph Hooker,Major General,False,Hooker,Joseph,,
GA006,Confederate,Joseph E. Johnston,General,False,Johnston,Joseph,E.,
GA006,US,George H. Thomas,Major General,False,Thomas,George,H.,
GA007,Confederate,Joseph E. Johnston,General,False,Johnston,Joseph,E.,
GA007,US,William T. Sherman,Major General,False,Sherman,William,T.,
GA008,Confederate,Joseph E. Johnston,General,False,Johnston,Joseph,E.,
GA008,US,William T. Sherman,Major General,False,Sherman,William,T.,
GA009,Confederate,Benjamin F. Cheatham,Major General,False,Cheatham,Benjamin,F.,
GA009,US,Oliver O. Howard,Major General,False,Howard,Oliver,O.,
GA010,Confederate,Joseph E. Johnston,General,False,Johnston,Joseph,E.,
GA010,US,William T. Sherman,Major General,False,Sherman,William,T.,
GA010,US,Joseph Hooker,Major General,False,Hooker,Joseph,,
GA011,Confederate,William J. Hardee,Lieutenant General,False,Hardee,William,J.,
GA011,US,William T. Sherman,Major General,False,Sherman,William,T.,
GA011,US,John A. Logan,Major General,False,Logan,John,A.,
GA012,Confederate,Patrick R. Cleburne,Major General,False,Cleburne,Patrick,R.,
GA012,Confederate,John H. Kelly,Brigadier General,False,Kelly,John,H.,
GA012,US,William T. Sherman,Major General,False,Sherman,William,T.,
GA012,US,Oliver O. Howard,Major General,False,Howard,Oliver,O.,
GA013,Confederate,Joseph E. Johnston,General,False,Johnston,Joseph,E.,
GA013,US,William T. Sherman,Major General,False,Sherman,William,T.,
GA014,Confederate,John Bell Hood,Lieutenant General,False,Hood,John,Bell,
GA014,US,Joseph Hooker,Major General,False,Hooker,Joseph,,
GA014,US,John M. Schofield,Major General,False,Schofield,John,M.,
GA015,Confederate,Joseph E. Johnston,General,False,Johnston,Joseph,E.,
GA015,US,William T. Sherman,Major General,False,Sherman,William,T.,
GA016,Confederate,John Bell Hood,General,False,Hood,John,Bell,
GA016,US,George H. Thomas,Major General,False,Thomas,George,H.,
GA017,Confederate,John B. Hood,General,False,Hood,John,B.,
GA017,US,William T. Sherman,Major General,False,Sherman,William,T.,
GA017,US,James B. McPherson,Major General,False,McPherson,James,B.,
GA017,US,John A. Logan,Major General,False,Logan,John,A.,
GA018,Confederate,Stephen D. Lee,Lieutenant General,False,Lee,Stephen,D.,
GA018,Confederate,Alexander P. Stewart,Lieutenant General,False,Stewart,Alexander,P.,
GA018,US,Oliver O. Howard,Major General,False,Howard,Oliver,O.,
GA019,Confederate,Stephen D. Lee,Lieutenant General,False,Lee,Stephen,D.,
GA019,Confederate,William B. Bate,Major General,False,Bate,William,B.,
GA019,US,John M. Schofield,Major General,False,Schofield,John,M.,
GA020,Confederate,Joseph Wheeler,Major General,False,Wheeler,Joseph,,
GA020,US,James B. Steedman,Major General,False,Steedman,James,B.,
GA020,US,Bernard Laiboldt,Colonel,False,Laiboldt,Bernard,,
GA021,Confederate,William H. Jackson,Brigadier General,False,Jackson,William,H.,
GA021,Confederate,Daniel Reynolds,Brigadier General,False,Reynolds,Daniel,,
GA021,US,H. Judson Kilpatrick,Brigadier General,False,Kilpatrick,H.,Judson,
GA022,Confederate,William J. Hardee,Lieutenant General,False,Hardee,William,J.,
GA022,US,William T. Sherman,Major General,False,Sherman,William,T.,
GA023,Confederate,Samuel G. French,Major General,False,French,Samuel,G.,
GA023,US,John M. Corse,Brigadier General,False,Corse,John,M.,
GA025,Confederate,Joseph Wheeler,Major General,False,Wheeler,Joseph,,
GA025,Confederate,Pleasant J. Philips,Brigadier General,False,Philips,Pleasant,J.,
GA025,US,Charles C. Walcutt,Brigadier General,False,Walcutt,Charles,C.,
GA026,Confederate,Joseph Wheeler,Major General,False,Wheeler,Joseph,,
GA026,US,H. Judson Kilpatrick,Brigadier General,False,Kilpatrick,H.,Judson,
GA027,Confederate,Joseph Wheeler,Major General,False,Wheeler,Joseph,,
GA027,US,H. Judson Kilpatrick,Brigadier General,False,Kilpatrick,H.,Judson,
GA028,Confederate,George A. Anderson,Major,False,Anderson,George,A.,
GA028,US,William B. Hazen,Brigadier General,False,Hazen,William,B.,
ID001,Native American,Bear Hunter,,False,Hunter,Bear,,
ID001,US,Patrick Edward Connor,Colonel,False,Connor,Patrick,Edward,
IN001,Confederate,John Hunt Morgan,Brigadier General,False,Morgan,John,Hunt,
IN001,US,Lewis Jordan,Brevet Colonel,False,Jordan,Lewis,,
KS001,Confederate,William C. Quantrill,Lieutenant Colonel,False,Quantrill,William,C.,
KS002,Confederate,William C. Quantrill,Lieutenant Colonel,False,Quantrill,William,C.,
KS002,US,James B. Pond,Lieutenant,False,Pond,James,B.,
KS002,US,James G. Blunt,Major General,False,Blunt,James,G.,
KS003,Confederate,Sterling Price,Major General,False,Price,Sterling,,
KS003,US,Alfred Pleasonton,Major General,False,Pleasonton,Alfred,,
KS004,Confederate,James F. Fagan,Major General,False,Fagan,James,F.,
KS004,Confederate,John S. Marmaduke,Brigadier General,False,Marmaduke,John,S.,
KS004,US,Alfred Pleasonton,Major General,False,Pleasonton,Alfred,,
KY001,Confederate,Joel A. Battle,Colonel,False,Battle,Joel,A.,
KY001,US,Isaac J. Black,Captain,False,Black,Isaac,J.,
KY002,Confederate,Felix Zollicoffer,Brigadier General,False,Zollicoffer,Felix,,
KY002,US,Albin F. Schoepf,Brigadier General,False,Schoepf,Albin,F.,
KY003,Confederate,John S. Williams,Colonel,False,Williams,John,S.,
KY003,US,William Nelson,Brigadier General,False,Nelson,William,,
KY003,US,Joshua W. Sill,Colonel,False,Sill,Joshua,W.,
KY004,Confederate,Thomas C. Hindman,Brigadier General,False,Hindman,Thomas,C.,
KY004,US,August Willich,Colonel,False,Willich,August,,
KY005,Confederate,Humphrey Marshall,Brigadier General,False,Marshall,Humphrey,,
KY005,US,James Garfield,Colonel,False,Garfield,James,,
KY006,Confederate,George B. Crittenden,Major General,False,Crittenden,George,B.,
KY006,Confederate,Felix K. Zollicoffer,Brigadier General,False,Zollicoffer,Felix,K.,
KY006,US,George H. Thomas,Brigadier General,False,Thomas,George,H.,
KY007,Confederate,E. Kirby Smith,General,False,Smith,E.,Kirby,
KY007,US,William Nelson,Major General,False,Nelson,William,,
KY008,Confederate,James R. Chalmers,Brigadier General,False,Chalmers,James,R.,
KY008,Confederate,Braxton Bragg,General,False,Bragg,Braxton,,
KY008,US,Cyrus L. Dunham,Colonel,False,Dunham,Cyrus,L.,
KY008,US,John T. Wilder,Colonel,False,Wilder,John,T.,
KY009,Confederate,Braxton Bragg,General,False,Bragg,Braxton,,
KY009,US,Don Carlos Buell,Major General,False,Buell,Don,Carlos,
KY010,Confederate,Nathan Bedford Forrest,Major General,False,Forrest,Nathan,Bedford,
KY010,US,Stephen G. Hicks,Colonel,False,Hicks,Stephen,G.,
KY010,US,James W. Shirk,Lieutenant Commander,True,Shirk,James,W.,
KY011,Confederate,John Hunt Morgan,Brigadier General,False,Morgan,John,Hunt,
KY011,US,Stephen G. Burbridge,Brigadier General,False,Burbridge,Stephen,G.,
LA001,Confederate,Johnson K. Duncan,Brigadier General,False,Duncan,Johnson,K.,
LA001,Confederate,John K. Mitchell,Flag Officer,True,Mitchell,John,K.,
LA001,US,David G. Farragut,Flag Officer,True,Farragut,David,G.,
LA001,US,David Dixon Porter,Commodore,True,Porter,David,Dixon,
LA002,Confederate,Mansfield Lovell,Major General,False,Lovell,Mansfield,,
LA002,US,David G. Farragut,Flag Officer,True,Farragut,David,G.,
LA002,US,Benjamin F. Butler,Major General,False,Butler,Benjamin,F.,
LA003,Confederate,John C. Breckinridge,Major General,False,Breckinridge,John,C.,
LA003,Confederate,Henry K. Stevens,Lieutenant,False,Stevens,Henry,K.,
LA003,US,Thomas Williams,Brigadier General,False,Williams,Thomas,,
LA003,US,William D. Porter,Commander,True,Porter,William,D.,
LA004,Confederate,Phillippe Landry,Captain,False,Landry,Phillippe,,
LA004,US,David G. Farragut,Rear Admiral,True,Farragut,David,G.,
LA005,Confederate,Alfred Mouton,Brigadier General,False,Mouton,Alfred,,
LA005,US,Godfrey Weitzel,Brigadier General,False,Weitzel,Godfrey,,
LA006,Confederate,Richard Taylor,Major General,False,Taylor,Richard,,
LA006,US,Nathaniel P. Banks,Major General,False,Banks,Nathaniel,P.,
LA006,US,Frederick Crocker,Captain,False,Crocker,Frederick,,
LA007,Confederate,Richard Taylor,Major General,False,Taylor,Richard,,
LA007,US,Cuvier Grover,Brigadier General,False,Grover,Cuvier,,
LA007,US,A.P. Cooke,Lieutenant Commander,True,Cooke,A.P.,,
LA008,US,Nathaniel P. Banks,Major General,False,Banks,Nathaniel,P.,
LA009,Confederate,Frank P. Powers,Colonel,False,Powers,Frank,P.,
LA009,Confederate,William R. Miles,Colonel,False,Miles,William,R.,
LA009,US,Christopher C. Augur,Major General,False,Augur,Christopher,C.,
LA010,Confederate,Franklin Gardner,Major General,False,Gardner,Franklin,,
LA010,US,Nathanial P. Banks,Major General,False,Banks,Nathanial,P.,
LA010,US,David G. Farragut,Rear Admiral,True,Farragut,David,G.,
LA011,Confederate,John G. Walker,Major General,False,Walker,John,G.,
LA011,US,Hermann Lieb,Colonel,False,Lieb,Hermann,,
LA011,US,Frank M. Ramsay,Lieutenant Commander,True,Ramsay,Frank,M.,
LA012,Confederate,James P. Major,Colonel,False,Major,James,P.,
LA012,US,Albert Stickney,Lieutenant Colonel,False,Stickney,Albert,,
LA013,Confederate,Tom Green,Brigadier General,False,Green,Tom,,
LA013,US,Joseph D. Bullen,Major,False,Bullen,Joseph,D.,
LA013,US,Melancthon B. Woolsey,Commander,True,Woolsey,Melancthon,B.,
LA014,Confederate,William H. Parsons,Colonel,False,Parsons,William,H.,
LA014,US,William F. Wood,Colonel,False,Wood,William,F.,
LA014,US,Alfred E. Ellet,Brigadier General,False,Ellet,Alfred,E.,
LA015,Confederate,Tom Green,Brigadier General,False,Green,Tom,,
LA015,US,Godfrey Weitzel,Brigadier General,False,Weitzel,Godfrey,,
LA015,US,Nathan A.M. Dudley,Colonel,False,Dudley,Nathan,A.M.,
LA015,US,Joseph Morgan,Colonel,False,Morgan,Joseph,,
LA016,Confederate,Tom Green,Brigadier General,False,Green,Tom,,
LA016,US,Joseph B. Leake,Lieutenant Colonel,False,Leake,Joseph,B.,
LA017,Confederate,William Byrd,Lieutenant Colonel,False,Byrd,William,,
LA017,US,A.J. Smith,Brigadier General,False,Smith,A.J.,,
LA017,US,Joseph Mower,Brigadier General,False,Mower,Joseph,,
LA017,US,Seth L. Phelps,Lieutenant Commander,True,Phelps,Seth,L.,
LA018,Confederate,Richard Taylor,Major General,False,Taylor,Richard,,
LA018,US,Nathaniel P. Banks,Major General,False,Banks,Nathaniel,P.,
LA019,Confederate,Richard Taylor,Major General,False,Taylor,Richard,,
LA019,US,Nathaniel P. Banks,Major General,False,Banks,Nathaniel,P.,
LA020,Confederate,Tom Green,Brigadier General,False,Green,Tom,,
LA020,US,Thomas Kilby Smith,Brigadier General,False,Smith,Thomas,Kilby,
LA020,US,"Thomas O. Selfridge , Jr.",Lieutenant Commander,True,Selfridge,Thomas,O.,Jr.
LA021,Confederate,Hamilton P. Bee,Brigadier General,False,Bee,Hamilton,P.,
LA021,US,Nathaniel P. Banks,Major General,False,Banks,Nathaniel,P.,
LA022,Confederate,Richard Taylor,Major General,False,Taylor,Richard,,
LA022,US,Nathaniel P. Banks,Major General,False,Banks,Nathaniel,P.,
LA023,Confederate,Richard Taylor,Major General,False,Taylor,Richard,,
LA023,US,Nathaniel P. Banks,Major General,False,Banks,Nathaniel,P.,
LA023,US,Joseph A. Mower,Brigadier General,False,Mower,Joseph,A.,
MD001,Confederate,Thomas J. Jackson,Major General,False,Jackson,Thomas,J.,
MD001,US,F.W. Lander,Brigadier General,False,Lander,F.W.,,
MD002,Confederate,Robert E. Lee,General,False,Lee,Robert,E.,
MD002,US,George B. McClellan,Major General,False,McClellan,George,B.,
MD003,Confederate,Robert E. Lee,General,False,Lee,Robert,E.,
MD003,US,George B. McClellan,Major General,False,McClellan,George,B.,
MD004,Confederate,Robert E. Lee,General,False,Lee,Robert,E.,
MD004,US,George G. Meade,Major General,False,Meade,George,G.,
MD006,Confederate,J.E.B. Stuart,Major General,False,Stuart,J.E.B.,,
MD006,US,Alfred Pleasonton,Major General,False,Pleasonton,Alfred,,
MD007,Confederate,Jubal A. Early,Lieutenant General,False,Early,Jubal,A.,
MD007,US,Lew Wallace,Major General,False,Wallace,Lew,,
MD008,Confederate,John McCausland,Brigadier General,False,McCausland,John,,
MD008,US,Benjamin F. Kelly,Brigadier General,False,Kelly,Benjamin,F.,
MN001,Native American,Little Crow,,False,Crow,Little,,
MN001,US,Timothy J. Sheehan,First Lieutenant,False,Sheehan,Timothy,J.,
MN002,Native American,Little Crow,,False,Crow,Little,,
MN002,US,Henry Hastings Sibley,Colonel,False,Sibley,Henry,Hastings,
MO001,Confederate,John S. Marmaduke,Colonel,False,Marmaduke,John,S.,
MO001,US,Nathaniel Lyon,Brigadier General,False,Lyon,Nathaniel,,
MO002,Confederate,James S. Rains,Brigadier General,False,Rains,James,S.,
MO002,US,Franz Sigel,Colonel,False,Sigel,Franz,,
MO003,US,John Scott,Lieutenant Colonel,False,Scott,John,,
MO004,Confederate,Sterling Price,Major General,False,Price,Sterling,,
MO004,Confederate,Benjamin McCulloch,Brigadier General,False,McCulloch,Benjamin,,
MO004,US,Nathaniel Lyon,Brigadier General,False,Lyon,Nathaniel,,
MO004,US,Samuel D. Sturgis,Major,False,Sturgis,Samuel,D.,
MO005,Confederate,Sterling Price,Brigadier General,False,Price,Sterling,,
MO005,US,James M. Lane,Brigadier General,False,Lane,James,M.,
MO006,Confederate,Sterling Price,Major General,False,Price,Sterling,,
MO006,US,James A. Mulligan,Colonel,False,Mulligan,James,A.,
MO007,US,J. B. Plummer,Colonel,False,Plummer,J.,B.,
MO008,Confederate,Julian Frazier,Colonel,False,Frazier,Julian,,
MO008,US,Charles Zagonyi,Major,False,Zagonyi,Charles,,
MO009,Confederate,Gideon J. Pillow,Brigadier General,False,Pillow,Gideon,J.,
MO009,Confederate,Frank Cheatham,Brigadier General,False,Cheatham,Frank,,
MO009,US,Ulysses S. Grant,Brigadier General,False,Grant,Ulysses,S.,
MO009,US,Henry A. Walke,Commander,True,Walke,Henry,A.,
MO010,Confederate,Caleb Dorsey,Colonel,False,Dorsey,Caleb,,
MO010,US,Benjamin M. Prentiss,Brigadier General,False,Prentiss,Benjamin,M.,
MO011,Confederate,John A. Poindexter,Colonel,False,Poindexter,John,A.,
MO011,US,W. M. G. Torrence,Major,False,Torrence,W.,M. G.,
MO012,Confederate,John P. McCown,Brigadier General,False,McCown,John,P.,
MO012,Confederate,William W. Mackall,Brigadier General,False,Mackall,William,W.,
MO012,Confederate,George N. Hollins,Flag Officer,True,Hollins,George,N.,
MO012,US,John Pope,Brigadier General,False,Pope,John,,
MO012,US,Andrew H. Foote,Flag Officer,True,Foote,Andrew,H.,
MO013,Confederate,Joseph C. Porter,Lieutenant Colonel,False,Porter,Joseph,C.,
MO013,US,John McNeil,Colonel,False,McNeil,John,,
MO013,US,Alexander M. Woolfolk,Lieutenant Colonel,False,Woolfolk,Alexander,M.,
MO013,US,James McFerran,Colonel,False,McFerran,James,,
MO014,Confederate,John T. Hughes,Colonel,False,Hughes,John,T.,
MO014,Confederate,Gideon W. Thompson,Colonel,False,Thompson,Gideon,W.,
MO014,US,James T. Buel,Lieutenant Colonel,False,Buel,James,T.,
MO015,Confederate,Jeremiah Vard Cockrell,Colonel,False,Cockrell,Jeremiah,Vard,
MO015,Confederate,John T. Coffee,Colonel,False,Coffee,John,T.,
MO015,US,Emory S. Foster,Major,False,Foster,Emory,S.,
MO015,US,Milton H. Brawner,Captain,False,Brawner,Milton,H.,
MO016,Confederate,Douglas H. Cooper,Colonel,False,Cooper,Douglas,H.,
MO016,US,Edward Lynde,Colonel,False,Lynde,Edward,,
MO016,US,Fredrich Salomon,Brigadier General,False,Salomon,Fredrich,,
MO017,Confederate,John Q. Burbridge,Colonel,False,Burbridge,John,Q.,
MO017,US,Hiram E. Barstow,Captain,False,Barstow,Hiram,E.,
MO018,Confederate,John S. Marmaduke,Brigadier General,False,Marmaduke,John,S.,
MO018,US,Egbert B. Brown,Brigadier General,False,Brown,Egbert,B.,
MO018,US,Benjamin Crabb,Colonel,False,Crabb,Benjamin,,
MO019,Confederate,John S. Marmaduke,Brigadier General,False,Marmaduke,John,S.,
MO019,US,Samuel Merrill,Colonel,False,Merrill,Samuel,,
MO020,Confederate,John S. Marmaduke,Brigadier General,False,Marmaduke,John,S.,
MO020,US,John McNeil,Brigadier General,False,McNeil,John,,
MO021,Confederate,Sterling Price,Major General,False,Price,Sterling,,
MO021,US,"Thomas Ewing , Jr.",Brigadier General,False,Ewing,Thomas,,Jr.
MO022,Confederate,"John B. Clark , Jr.",Brigadier General,False,Clark,John,B.,Jr.
MO022,Confederate,Joseph O. Shelby,Brigadier General,False,Shelby,Joseph,O.,
MO022,US,"Chester Hardin , Jr.",Colonel,False,Hardin,Chester,,Jr.
MO023,Confederate,Sterling Price,Major General,False,Price,Sterling,,
MO023,US,James G. Blunt,Major General,False,Blunt,James,G.,
MO024,Confederate,John S. Marmaduke,Major General,False,Marmaduke,John,S.,
MO024,Confederate,Joseph O. Shelby,Brigadier General,False,Shelby,Joseph,O.,
MO024,Confederate,Sterling Price,Major General,False,Price,Sterling,,
MO024,US,Thomas Moonlight,Colonel,False,Moonlight,Thomas,,
MO024,US,James G. Blunt,Major General,False,Blunt,James,G.,
MO025,Confederate,William L. Cabell,Brigadier General,False,Cabell,William,L.,
MO025,Confederate,William F. Slemons,Colonel,False,Slemons,William,F.,
MO025,US,Alfred Pleasonton,Major General,False,Pleasonton,Alfred,,
MO026,Confederate,Joseph Shelby,Brigadier General,False,Shelby,Joseph,,
MO026,US,Charles R. Jennison,Colonel,False,Jennison,Charles,R.,
MO026,US,Thomas Moonlight,Colonel,False,Moonlight,Thomas,,
MO027,Confederate,Sterling Price,Major General,False,Price,Sterling,,
MO027,US,Samuel R. Curtis,Major General,False,Curtis,Samuel,R.,
MO028,Confederate,Joseph O. Shelby,Brigadier General,False,Shelby,Joseph,O.,
MO028,US,John H. McNeil,Brigadier General,False,McNeil,John,H.,
MO029,Confederate,Joseph O. Shelby,Brigadier General,False,Shelby,Joseph,O.,
MO029,US,James G. Blunt,Major General,False,Blunt,James,G.,
MS001,Confederate,Sterling Price,Major General,False,Price,Sterling,,
MS001,US,William S. Rosecrans,Major General,False,Rosecrans,William,S.,
MS002,Confederate,Earl Van Dorn,Major General,False,Van Dorn,Earl,,
MS002,US,William S. Rosencrans,Major General,False,Rosencrans,William,S.,
MS003,Confederate,John C. Pemberton,Lieutenant General,False,Pemberton,John,C.,
MS003,Confederate,Stephen D. Lee,Brigadier General,False,Lee,Stephen,D.,
MS003,US,William T. Sherman,Major General,False,Sherman,William,T.,
MS003,US,David D. Porter,Acting Rear Admiral,True,Porter,David,D.,
MS004,Confederate,John S. Bowen,Brigadier General,False,Bowen,John,S.,
MS004,US,David D. Porter,Rear Admiral,True,Porter,David,D.,
MS005,Confederate,Louis Hebert,Brigadier General,False,Hebert,Louis,,
MS005,US,"Francis P. Blair , Jr.",Major General,False,Blair,Francis,P.,Jr.
MS005,US,K. Randolph Breese,Lieutenant Commander,True,Breese,K.,Randolph,
MS006,Confederate,John S. Bowen,Brigadier General,False,Bowen,John,S.,
MS006,US,John A. McClernand,Major General,False,McClernand,John,A.,
MS006,US,John A. Logan,Major General,False,Logan,John,A.,
MS007,Confederate,John Gregg,Brigadier General,False,Gregg,John,,
MS007,US,James B. McPherson,Major General,False,McPherson,James,B.,
MS008,Confederate,John Gregg,Brigadier General,False,Gregg,John,,
MS008,US,William T. Sherman,Major General,False,Sherman,William,T.,
MS008,US,James B. McPherson,Major General,False,McPherson,James,B.,
MS009,Confederate,John C. Pemberton,Lieutenant General,False,Pemberton,John,C.,
MS009,US,Ulysses S. Grant,Major General,False,Grant,Ulysses,S.,
MS010,Confederate,John S. Bowen,Brigadier General,False,Bowen,John,S.,
MS010,Confederate,John Vaughn,Brigadier General,False,Vaughn,John,,
MS010,US,John A. McClernand,Major General,False,McClernand,John,A.,
MS011,Confederate,John C. Pemberton,Lieutenant General,False,Pemberton,John,C.,
MS011,US,Ulysses S. Grant,Major General,False,Grant,Ulysses,S.,
MS011,US,David D. Porter,Rear Admiral,True,Porter,David,D.,
MS012,Confederate,Leonidas Polk,Lieutenant General,False,Polk,Leonidas,,
MS012,US,William T. Sherman,Major General,False,Sherman,William,T.,
MS013,Confederate,Nathan Bedford Forrest,Major General,False,Forrest,Nathan,Bedford,
MS013,US,William Sooy Smith,Brigadier General,False,Smith,William,Sooy,
MS014,Confederate,Nathan Bedford Forrest,Major General,False,Forrest,Nathan,Bedford,
MS014,US,Samuel D. Sturgis,Brigadier General,False,Sturgis,Samuel,D.,
MS015,Confederate,Stephen D. Lee,Lieutenant General,False,Lee,Stephen,D.,
MS015,Confederate,Nathan Bedford Forrest,Major General,False,Forrest,Nathan,Bedford,
MS015,US,Andrew J. Smith,Major General,False,Smith,Andrew,J.,
MS016,Confederate,P.G.T. Beauregard,General,False,Beauregard,P.G.T.,,
MS016,US,Henry W. Halleck,Major General,False,Halleck,Henry,W.,
NC001,Confederate,William F. Martin,Colonel,False,Martin,William,F.,
NC001,US,Benjamin Butler,Major General,False,Butler,Benjamin,,
NC001,US,Silas Stringham,Flag Officer,True,Stringham,Silas,,
NC002,Confederate,Henry Wise,Brigadier General,False,Wise,Henry,,
NC002,US,Ambrose E. Burnside,Brigadier General,False,Burnside,Ambrose,E.,
NC002,US,Louis M. Goldsborough,Flag Officer,True,Goldsborough,Louis,M.,
NC003,US,Ambrose Burnside,Brigadier General,False,Burnside,Ambrose,,
NC003,US,Stephen C. Rowan,Commander,True,Rowan,Stephen,C.,
NC004,Confederate,Moses J. White,Colonel,False,White,Moses,J.,
NC004,US,John G. Parke,Brigadier General,False,Parke,John,G.,
NC004,US,Samuel Lockwood,Commander,True,Lockwood,Samuel,,
NC005,Confederate,Ambrose Wright,Colonel,False,Wright,Ambrose,,
NC005,US,Jesse Reno,Brigadier General,False,Reno,Jesse,,
NC006,Confederate,George Singletary,Colonel,False,Singletary,George,,
NC006,US,F. A. Osborne,Lieutenant Colonel,False,Osborne,F.,A.,
NC007,Confederate,Nathan Evans,Brigadier General,False,Evans,Nathan,,
NC007,US,John G. Foster,Brigadier General,False,Foster,John,G.,
NC007,US,Alexander Murry,Commander,True,Murry,Alexander,,
NC008,Confederate,Beverly Robertson,Brigadier General,False,Robertson,Beverly,,
NC008,US,John G. Foster,Brigadier General,False,Foster,John,G.,
NC008,US,Jeptha Garrard,Major,False,Garrard,Jeptha,,
NC009,Confederate,Thomas Clingman,Brigadier General,False,Clingman,Thomas,,
NC009,US,John G. Foster,Brigadier General,False,Foster,John,G.,
NC010,Confederate,D. H. Hill,Major General,False,Hill,D.,H.,
NC010,US,Hiram Anderson,Lieutenant Colonel,False,Anderson,Hiram,,
NC010,US,Alexander Murray,Commander,True,Murray,Alexander,,
NC011,Confederate,D. H. Hill,Major General,False,Hill,D.,H.,
NC011,US,John G. Foster,Brigadier General,False,Foster,John,G.,
NC011,US,Henry K. Davenport,Commander,True,Davenport,Henry,K.,
NC012,Confederate,Robert Hoke,Major General,False,Hoke,Robert,,
NC012,US,Henry W. Wessells,Colonel,False,Wessells,Henry,W.,
NC013,Confederate,James W. Cooke,Commander,True,Cooke,James,W.,
NC013,US,Melancton Smith,Captain,False,Smith,Melancton,,
NC014,Confederate,General Robert Hoke,Major,False,Hoke,Robert,,
NC014,US,Benjamin Butler,Major General,False,Butler,Benjamin,,
NC014,US,David D. Porter,Rear Admiral,True,Porter,David,D.,
NC015,Confederate,Braxton Bragg,General,False,Bragg,Braxton,,
NC015,Confederate,Robert Hoke,Major General,False,Hoke,Robert,,
NC015,Confederate,Charles Lamb,Colonel,False,Lamb,Charles,,
NC015,US,David D. Porter,Rear Admiral,True,Porter,David,D.,
NC015,US,Alfred Terry,Major General,False,Terry,Alfred,,
NC016,Confederate,Braxton Bragg,General,False,Bragg,Braxton,,
NC016,US,John Schofield,Major General,False,Schofield,John,,
NC016,US,David D. Porter,Rear Admiral,True,Porter,David,D.,
NC017,Confederate,Braxton Bragg,General,False,Bragg,Braxton,,
NC017,US,John Schofield,Major General,False,Schofield,John,,
NC018,Confederate,Joseph Wheeler,Major General,False,Wheeler,Joseph,,
NC018,Confederate,Wade Hampton,Lieutenant General,False,Hampton,Wade,,
NC018,Confederate,Matthew C. Butler,Major General,False,Butler,Matthew,C.,
NC018,US,H. Judson Kilpatrick,Brevet Major General,False,Kilpatrick,H.,Judson,
NC019,Confederate,William Hardee,Lieutenant General,False,Hardee,William,,
NC019,Confederate,Joseph Wheeler,Major General,False,Wheeler,Joseph,,
NC019,US,William T. Sherman,Major General,False,Sherman,William,T.,
NC019,US,Henry Slocum,Major General,False,Slocum,Henry,,
NC020,Confederate,Joseph E. Johnston,General,False,Johnston,Joseph,E.,
NC020,US,William T. Sherman,Major General,False,Sherman,William,T.,
NC020,US,Henry Slocum,Major General,False,Slocum,Henry,,
ND001,Native American,Inkpaduta,,False,,Inkpaduta,,
ND001,US,Henry Hastings Sibley,Brigadier General,False,Sibley,Henry,Hastings,
ND002,Native American,Inkpaduta,,False,,Inkpaduta,,
ND002,US,Henry Hastings Sibley,Brigadier General,False,Sibley,Henry,Hastings,
ND003,Native American,Inkpaduta,,False,,Inkpaduta,,
ND003,US,Henry Hastings Sibley,Brigadier General,False,Sibley,Henry,Hastings,
ND004,Native American,Inkpaduta,,False,,Inkpaduta,,
ND004,US,Alfred Sully,Brigadier General,False,Sully,Alfred,,
ND005,Native American,Inkpaduta,,False,,Inkpaduta,,
ND005,US,Alfred Sully,Brigadier General,False,Sully,Alfred,,
NM001,Confederate,Henry H. Sibley,Brigadier General,False,Sibley,Henry,H.,
NM001,Confederate,Thomas Green,Colonel,False,Green,Thomas,,
NM001,US,Edward R. S. Canby,Colonel,False,Canby,Edward,R. S.,
NM002,Confederate,Charles L. Pyron,Major,False,Pyron,Charles,L.,
NM002,Confederate,William R. Scurry,Lieutenant Colonel,False,Scurry,William,R.,
NM002,US,John C. Chivington,Major,False,Chivington,John,C.,
NM002,US,John P. Slough,Colonel,False,Slough,John,P.,
OH001,Confederate,John Hunt Morgan,Brigadier General,False,Morgan,John,Hunt,
OH001,US,Edward H. Hobson,Brigadier General,False,Hobson,Edward,H.,
OH002,Confederate,John Hunt Morgan,Brigadier General,False,Morgan,John,Hunt,
OH002,US,James Shackelford,Brigadier General,False,Shackelford,James,,
OK001,Confederate,Douglas H. Cooper,Colonel,False,Cooper,Douglas,H.,
OK001,US,Opothleyahola,,False,,Opothleyahola,,
OK002,Confederate,Douglas H. Cooper,Colonel,False,Cooper,Douglas,H.,
OK002,US,Opothleyahola,,False,,Opothleyahola,,
OK003,Confederate,Douglas H. Cooper,Colonel,False,Cooper,Douglas,H.,
OK003,US,Opothleyahola,,False,,Opothleyahola,,
OK004,Confederate,Douglas H. Cooper,Colonel,False,Cooper,Douglas,H.,
OK004,US,James G. Blunt,Brigadier General,False,Blunt,James,G.,
OK005,Confederate,John Jumper,Lieutenant Colonel,False,Jumper,John,,
OK005,US,Charles Willette,Major,False,Willette,Charles,,
OK006,Confederate,Stand Watie,Colonel,False,Watie,Stand,,
OK006,US,James M. Williams,Colonel,False,Williams,James,M.,
OK007,Confederate,Douglas H. Cooper,Brigadier General,False,Cooper,Douglas,H.,
OK007,US,James G. Blunt,Major General,False,Blunt,James,G.,
PA001,Confederate,J.E.B. Stuart,Major General,False,Stuart,J.E.B.,,
PA001,US,Elon J. Farnsworth,Brigadier General,False,Farnsworth,Elon,J.,
PA001,US,George A. Custer,Brigadier General,False,Custer,George,A.,
PA002,Confederate,Robert E. Lee,General,False,Lee,Robert,E.,
PA002,US,George G. Meade,Major General,False,Meade,George,G.,
SC001,Confederate,Pierre G. T. Beauregard,Brigadier General,False,Beauregard,Pierre,G. T.,
SC001,US,Robert Anderson,Major General,False,Anderson,Robert,,
SC002,Confederate,Nathan G. Evans,Brigadier General,False,Evans,Nathan,G.,
SC002,Confederate,Thomas G. Lamar,Colonel,False,Lamar,Thomas,G.,
SC002,US,Henry Benham,Brigadier General,False,Benham,Henry,,
SC003,Confederate,Edward L. Parker,Captain,False,Parker,Edward,L.,
SC003,US,A.C. Rhind,Lieutenant,False,Rhind,A.C.,,
SC003,US,Horace C. Bennett,Captain,False,Bennett,Horace,C.,
SC004,Confederate,Roswell S. Ripley,Brigadier General,False,Ripley,Roswell,S.,
SC004,US,Samuel F. DuPont,Rear Admiral,True,DuPont,Samuel,F.,
SC005,Confederate,Robert F. Graham,Colonel,False,Graham,Robert,F.,
SC005,US,Quincy A. Gilmore,Major General,False,Gilmore,Quincy,A.,
SC005,US,George C. Strong,Brigadier General,False,Strong,George,C.,
SC005,US,John A. Dahlgren,Rear Admiral,True,Dahlgren,John,A.,
SC006,Confederate,Johnson Hagood,Brigadier General,False,Hagood,Johnson,,
SC006,US,Alfred H. Terry,Brigadier General,False,Terry,Alfred,H.,
SC006,US,George B. Balch,Commander,True,Balch,George,B.,
SC007,Confederate,William B. Talliferro,Brigadier General,False,Talliferro,William,B.,
SC007,US,Quincy A. Gilmore,Major General,False,Gilmore,Quincy,A.,
SC007,US,Truman A. Seymour,Brigadier General,False,Seymour,Truman,A.,
SC007,US,John A. Dahlgren,Rear Admiral,True,Dahlgren,John,A.,
SC008,US,William Quincy A. Gilmore,Major General,False,Gilmore,William,Quincy A.,
SC008,US,John A. Dahlgren,Rear Admiral,True,Dahlgren,John,A.,
SC009,Confederate,Pierre G. T. Beauregard,General,False,Beauregard,Pierre,G. T.,
SC009,Confederate,Lawrence M. Keitt,Colonel,False,Keitt,Lawrence,M.,
SC009,Confederate,Henry R. Lesesne,Captain,False,Lesesne,Henry,R.,
SC009,US,Quincy A. Gilmore,Major General,False,Gilmore,Quincy,A.,
SC009,US,John A. Dahlgren,Rear Admiral,True,Dahlgren,John,A.,
SC010,Confederate,Gustavus W. Smith,Major General,False,Smith,Gustavus,W.,
SC010,Confederate,Charles J. Colcock,Colonel,False,Colcock,Charles,J.,
SC010,US,John P. Hatch,Brigadier General,False,Hatch,John,P.,
SC010,US,George H. Preble,Commander,True,Preble,George,H.,
SC011,Confederate,Lafayette McLaws,Major General,False,McLaws,Lafayette,,
SC011,US,"Francis P. Blair , Jr.",Major General,False,Blair,Francis,P.,Jr.
SC011,US,John A. Logan,Major General,False,Logan,John,A.,
TN001,Confederate,Lloyd Tilghman,Brigadier General,False,Tilghman,Lloyd,,
TN001,US,Ulysses S. Grant,Brigadier General,False,Grant,Ulysses,S.,
TN001,US,A.H. Foote,Flag Officer,True,Foote,A.H.,,
TN002,Confederate,John B. Floyd,Brigadier General,False,Floyd,John,B.,
TN002,Confederate,Gideon Pillow,Brigadier General,False,Pillow,Gideon,,
TN002,Confederate,Simon B. Buckner,Brigadier General,False,Buckner,Simon,B.,
TN002,US,Ulysses S. Grant,Brigadier General,False,Grant,Ulysses,S.,
TN002,US,A.H. Foote,Flag Officer,True,Foote,A.H.,,
TN003,Confederate,Albert Sidney Johnston,General,False,Johnston,Albert,Sidney,
TN003,Confederate,P.G.T. Beauregard,General,False,Beauregard,P.G.T.,,
TN003,US,Ulysses S. Grant,Major General,False,Grant,Ulysses,S.,
TN003,US,Don Carlos Buell,Major General,False,Buell,Don,Carlos,
TN003,US,William Gwin,Lieutenant,False,Gwin,William,,
TN004,Confederate,James E. Montgomery,Captain,False,Montgomery,James,E.,
TN004,Confederate,M. Jeff Thompson,Brigadier General,False,Thompson,M.,Jeff,
TN004,US,Charles H. Davis,Flag Officer,True,Davis,Charles,H.,
TN004,US,Charles Ellet,Colonel,False,Ellet,Charles,,
TN005,Confederate,Edmund Kirby Smith,Major General,False,Smith,Edmund,Kirby,
TN005,US,James Negley,Brigadier General,False,Negley,James,,
TN006,Confederate,Nathan Bedford Forrest,Brigadier General,False,Forrest,Nathan,Bedford,
TN006,US,Thomas T. Crittenden,Brigadier General,False,Crittenden,Thomas,T.,
TN007,Confederate,Earl Van Dorn,Major General,False,Van Dorn,Earl,,
TN007,US,Edward O.C. Ord,Major General,False,Ord,Edward,O.C.,
TN007,US,Stephen A. Hurlbut,Major General,False,Hurlbut,Stephen,A.,
TN008,Confederate,John Hunt Morgan,Brigadier General,False,Morgan,John,Hunt,
TN008,US,Absalom B. Moore,Colonel,False,Moore,Absalom,B.,
TN009,Confederate,Nathan Bedford Forrest,Brigadier General,False,Forrest,Nathan,Bedford,
TN009,US,Adolph Englemann,Colonel,False,Englemann,Adolph,,
TN010,Confederate,Braxton Bragg,General,False,Bragg,Braxton,,
TN010,US,William S. Rosecrans,Major General,False,Rosecrans,William,S.,
TN011,Confederate,Nathan Bedford Forrest,Brigadier General,False,Forrest,Nathan,Bedford,
TN011,US,Jeremiah C. Sullivan,Brigadier General,False,Sullivan,Jeremiah,C.,
TN012,Confederate,Joseph Wheeler,Major General,False,Wheeler,Joseph,,
TN012,US,Abner C. Harding,Colonel,False,Harding,Abner,C.,
TN013,Confederate,Earl Van Dorn,Major General,False,Van Dorn,Earl,,
TN013,US,John Coburn,Colonel,False,Coburn,John,,
TN014,Confederate,John Hunt Morgan,Brigadier General,False,Morgan,John,Hunt,
TN014,US,Albert S. Hall,Colonel,False,Hall,Albert,S.,
TN015,Confederate,Nathan Bedford Forrest,Brigadier General,False,Forrest,Nathan,Bedford,
TN015,US,Edward Bloodgood,Lieutenant Colonel,False,Bloodgood,Edward,,
TN016,Confederate,Earl Van Dorn,Major General,False,Van Dorn,Earl,,
TN016,US,Gordon Granger,Major General,False,Granger,Gordon,,
TN017,Confederate,Alexander P. Stewart,Major General,False,Stewart,Alexander,P.,
TN017,US,William S. Rosecrans,Major General,False,Rosecrans,William,S.,
TN017,US,George H. Thomas,Major General,False,Thomas,George,H.,
TN018,US,John T. Wilder,Colonel,False,Wilder,John,T.,
TN019,Confederate,James E. Carter,Colonel,False,Carter,James,E.,
TN019,US,John W. Foster,Colonel,False,Foster,John,W.,
TN020,Confederate,John S. Williams,Brigadier General,False,Williams,John,S.,
TN020,US,Ambrose E. Burnside,Major General,False,Burnside,Ambrose,E.,
TN021,Confederate,Micah Jenkins,Brigadier General,False,Jenkins,Micah,,
TN021,US,Joseph Hooker,Major General,False,Hooker,Joseph,,
TN021,US,John W. Geary,Brigadier General,False,Geary,John,W.,
TN022,Confederate,James R. Chalmers,Brigadier General,False,Chalmers,James,R.,
TN022,US,Edward Hatch,Colonel,False,Hatch,Edward,,
TN023,Confederate,James Longstreet,Lieutenant General,False,Longstreet,James,,
TN023,US,Ambrose E. Burnside,Major General,False,Burnside,Ambrose,E.,
TN024,Confederate,Braxton Bragg,General,False,Bragg,Braxton,,
TN024,US,Ulysses S. Grant,Major General,False,Grant,Ulysses,S.,
TN025,Confederate,James Longstreet,Lieutenant General,False,Longstreet,James,,
TN025,US,Ambrose E. Burnside,Major General,False,Burnside,Ambrose,E.,
TN026,Confederate,James Longstreet,Lieutenant General,False,Longstreet,James,,
TN026,US,J. M. Shackelford,Brigadier General,False,Shackelford,J.,M.,
TN027,Confederate,William T. Martin,Major General,False,Martin,William,T.,
TN027,US,Samuel D. Sturgis,Brigadier General,False,Sturgis,Samuel,D.,
TN028,Confederate,James Longstreet,Lieutenant General,False,Longstreet,James,,
TN028,US,Samuel D. Sturgis,Brigadier General,False,Sturgis,Samuel,D.,
TN029,Confederate,William T. Martin,Major General,False,Martin,William,T.,
TN029,US,Samuel D. Sturgis,Brigadier General,False,Sturgis,Samuel,D.,
TN029,US,Edward M. McCook,Colonel,False,McCook,Edward,M.,
TN030,Confederate,Nathan Bedford Forrest,Major General,False,Forrest,Nathan,Bedford,
TN030,US,Lionel F. Booth,Major,False,Booth,Lionel,F.,
TN030,US,William F. Bradford,Major,False,Bradford,William,F.,
TN031,Confederate,Nathan Bedford Forrest,Brigadier General,False,Forrest,Nathan,Bedford,
TN031,US,Cadwallader C. Washburn,Major General,False,Washburn,Cadwallader,C.,
TN032,Confederate,Nathan Bedford Forrest,Major General,False,Forrest,Nathan,Bedford,
TN032,US,C.R. Thompson,Colonel,False,Thompson,C.R.,,
TN032,US,Edward M. King,Lieutenant Commander,True,King,Edward,M.,
TN033,Confederate,John C. Breckinridge,Major General,False,Breckinridge,John,C.,
TN033,US,Alvan C. Gillem,Brigadier General,False,Gillem,Alvan,C.,
TN034,Confederate,John Bell Hood,General,False,Hood,John,Bell,
TN034,US,John M. Schofield,Major General,False,Schofield,John,M.,
TN035,Confederate,John Bell Hood,General,False,Hood,John,Bell,
TN035,US,John M. Schofield,Major General,False,Schofield,John,M.,
TN036,Confederate,John Bell Hood,General,False,Hood,John,Bell,
TN036,US,John M. Schofield,Major General,False,Schofield,John,M.,
TN037,Confederate,Nathan Bedford Forrest,Major General,False,Forrest,Nathan,Bedford,
TN037,US,Lovell H. Rousseau,Major General,False,Rousseau,Lovell,H.,
TN037,US,Robert Milroy,Brigadier General,False,Milroy,Robert,,
TN038,Confederate,John Bell Hood,General,False,Hood,John,Bell,
TN038,US,George H. Thomas,Major General,False,Thomas,George,H.,
TX001,Confederate,J.S. Irvine,Major,False,Irvine,J.S.,,
TX001,US,Frederick Crocker,Acting Master,False,Crocker,Frederick,,
TX002,Confederate,Joseph J. Cook,Colonel,False,Cook,Joseph,J.,
TX002,Confederate,Xavier B. Debray,Colonel,False,Debray,Xavier,B.,
TX002,US,William B. Renshaw,Commander,True,Renshaw,William,B.,
TX003,Confederate,John B. Magruder,Major General,False,Magruder,John,B.,
TX003,US,Isaac S. Burrell,Colonel,False,Burrell,Isaac,S.,
TX003,US,William B. Renshaw,Commander,True,Renshaw,William,B.,
TX005,Confederate,"John S. ""Rip"" Ford",Colonel,False,Ford,John,S.,
TX005,US,Theodore H. Barrett,Colonel,False,Barrett,Theodore,H.,
TX006,Confederate,Richard W. Dowling,Lieutenant,False,Dowling,Richard,W.,
TX006,US,William B. Franklin,Major General,False,Franklin,William,B.,
TX006,US,Frederick Crocker,Captain,False,Crocker,Frederick,,
VA001,Confederate,Walter Gwynn,Brigadier General,False,Gwynn,Walter,,
VA001,Confederate,Peyton Colquitt,Captain,False,Colquitt,Peyton,,
VA001,US,D.L. Braine U.S.N.,Lieutenant,False,U.S.N.,D.L.,Braine,
VA002,Confederate,Daniel Ruggles,Colonel,False,Ruggles,Daniel,,
VA002,US,James H. Ward,Commander,True,Ward,James,H.,
VA003,Confederate,John B. Magruder,Colonel,False,Magruder,John,B.,
VA003,Confederate,D.H. Hill,Colonel,False,Hill,D.H.,,
VA003,US,Ebenezer Pierce,Brigadier General,False,Pierce,Ebenezer,,
VA004,Confederate,P.G.T. Beauregard,Brigadier General,False,Beauregard,P.G.T.,,
VA004,US,Irvin McDowell,Brigadier General,False,McDowell,Irvin,,
VA005,Confederate,Joseph E. Johnston,Brigadier General,False,Johnston,Joseph,E.,
VA005,Confederate,P.G.T. Beauregard,Brigadier General,False,Beauregard,P.G.T.,,
VA005,US,Irvin McDowell,Brigadier General,False,McDowell,Irvin,,
VA006,Confederate,Nathan G. Evans,Brigadier General,False,Evans,Nathan,G.,
VA006,US,Charles P. Stone,Brigadier General,False,Stone,Charles,P.,
VA006,US,Edward Baker,Colonel,False,Baker,Edward,,
VA007,Confederate,J.E.B. Stuart,Brigadier General,False,Stuart,J.E.B.,,
VA007,US,E.O.C. Ord,Brigadier General,False,Ord,E.O.C.,,
VA008,Confederate,Franklin Buchanan,Captain,False,Buchanan,Franklin,,
VA008,Confederate,Catesby R. Jones,Lieutenant,False,Jones,Catesby,R.,
VA008,US,John Worden,Lieutenant,False,Worden,John,,
VA009,Confederate,John B. Magruder,Major General,False,Magruder,John,B.,
VA009,Confederate,Joseph E. Johnston,General,False,Johnston,Joseph,E.,
VA009,US,George B. McClellan,Major General,False,McClellan,George,B.,
VA010,Confederate,James Longstreet,Major General,False,Longstreet,James,,
VA010,US,George B. McClellan,Major General,False,McClellan,George,B.,
VA011,Confederate,Gustavius W. Smith,Major General,False,Smith,Gustavius,W.,
VA011,US,William B. Franklin,Brigadier General,False,Franklin,William,B.,
VA012,Confederate,E. Farrand,Commander,True,Farrand,E.,,
VA012,Confederate,William Mahone,Brigadier General,False,Mahone,William,,
VA012,Confederate,S. S. Lee,Captain,False,Lee,S.,S.,
VA012,Confederate,John Taylor Wood,Lieutenant,False,Wood,John,Taylor,
VA012,US,John Rodgers,Commander,True,Rodgers,John,,
VA013,US,Fitz John Porter,Brigadier General,False,Porter,Fitz,John,
VA014,Confederate,Joseph E. Johnston,General,False,Johnston,Joseph,E.,
VA014,Confederate,G.W. Smith,Major General,False,Smith,G.W.,,
VA014,US,George B. McClellan,Major General,False,McClellan,George,B.,
VA015,Confederate,Robert E. Lee,General,False,Lee,Robert,E.,
VA015,US,George B. McClellan,Major General,False,McClellan,George,B.,
VA016,Confederate,Robert E. Lee,General,False,Lee,Robert,E.,
VA016,US,Fitz John Porter,Brigadier General,False,Porter,Fitz,John,
VA017,Confederate,Robert E. Lee,General,False,Lee,Robert,E.,
VA017,US,Fitz John Porter,Brigadier General,False,Porter,Fitz,John,
VA018,Confederate,John B. Magruder,Major General,False,Magruder,John,B.,
VA018,US,George B. McClellan,Major General,False,McClellan,George,B.,
VA019,Confederate,John Magruder,Major General,False,Magruder,John,,
VA019,US,Edwin Sumner,Major General,False,Sumner,Edwin,,
VA020,Confederate,Robert E. Lee,General,False,Lee,Robert,E.,
VA020,Confederate,Thomas J. Jackson,Major General,False,Jackson,Thomas,J.,
VA020,US,George B. McClellan,Major General,False,McClellan,George,B.,
VA020,US,William Franklin,Major General,False,Franklin,William,,
VA021,Confederate,Robert E. Lee,General,False,Lee,Robert,E.,
VA021,US,George B. McClellan,Major General,False,McClellan,George,B.,
VA022,Confederate,Thomas J. Jackson,Major General,False,Jackson,Thomas,J.,
VA022,US,Nathaniel Banks,Major General,False,Banks,Nathaniel,,
VA023,Confederate,Thomas J. Jackson,Major General,False,Jackson,Thomas,J.,
VA023,US,John Pope,Major General,False,Pope,John,,
VA024,Confederate,Isaac Trimble,Brigadier General,False,Trimble,Isaac,,
VA024,US,G.W. Taylor,Brigadier General,False,Taylor,G.W.,,
VA025,Confederate,James Longstreet,Lieutenant General,False,Longstreet,James,,
VA025,US,James Ricketts,Brigadier General,False,Ricketts,James,,
VA026,Confederate,Robert E. Lee,General,False,Lee,Robert,E.,
VA026,Confederate,Thomas J. Jackson,Major General,False,Jackson,Thomas,J.,
VA026,US,John Pope,Major General,False,Pope,John,,
VA027,Confederate,Thomas J. Jackson,Major General,False,Jackson,Thomas,J.,
VA027,US,Philip Kearny,Major General,False,Kearny,Philip,,
VA027,US,Isaac Stevens,Major General,False,Stevens,Isaac,,
VA028,Confederate,Robert E. Lee,General,False,Lee,Robert,E.,
VA028,US,Ambrose E. Burnside,Major General,False,Burnside,Ambrose,E.,
VA029,Confederate,Fitzhugh Lee,Brigadier General,False,Lee,Fitzhugh,,
VA029,US,William W. Averell,Brigadier General,False,Averell,William,W.,
VA030,Confederate,James Longstreet,Lieutenant General,False,Longstreet,James,,
VA030,US,John Peck,Brigadier General,False,Peck,John,,
VA031,Confederate,James Longstreet,Lieutenant General,False,Longstreet,James,,
VA031,US,John Peck,Brigadier General,False,Peck,John,,
VA032,Confederate,Robert E. Lee,General,False,Lee,Robert,E.,
VA032,Confederate,Thomas J. Jackson,Major General,False,Jackson,Thomas,J.,
VA032,US,Joseph Hooker,Major General,False,Hooker,Joseph,,
VA033,Confederate,Lafayette McLaws,Major General,False,McLaws,Lafayette,,
VA033,Confederate,Cadmus M. Wilcox,Brigadier General,False,Wilcox,Cadmus,M.,
VA033,US,John Sedgwick,Major General,False,Sedgwick,John,,
VA034,Confederate,Jubal A. Early,Major General,False,Early,Jubal,A.,
VA034,US,John Sedgwick,Major General,False,Sedgwick,John,,
VA035,Confederate,J.E.B. Stuart,Major General,False,Stuart,J.E.B.,,
VA035,US,Pleasonton,Major General,False,,Pleasonton,,
VA036,Confederate,Thomas Munford,Colonel,False,Munford,Thomas,,
VA036,US,H. Judson Kilpatrick,Brigadier General,False,Kilpatrick,H.,Judson,
VA037,Confederate,J.E.B. Stuart,Major General,False,Stuart,J.E.B.,,
VA037,US,David M. Gregg,Brigadier General,False,Gregg,David,M.,
VA038,Confederate,Wade Hampton,Brigadier General,False,Hampton,Wade,,
VA038,Confederate,Beverly Robertson,Brigadier General,False,Robertson,Beverly,,
VA038,US,Alfred Pleasonton,Major General,False,Pleasonton,Alfred,,
VA039,Confederate,J.E.B. Stuart,Major General,False,Stuart,J.E.B.,,
VA039,US,William H. French,Major General,False,French,William,H.,
VA040,Confederate,A.P. Hill,Lieutenant General,False,Hill,A.P.,,
VA040,US,G.K. Warren,Major General,False,Warren,G.K.,,
VA041,Confederate,J.E.B. Stuart,Major General,False,Stuart,J.E.B.,,
VA041,US,G.K. Warren,Major General,False,Warren,G.K.,,
VA042,Confederate,J.E.B. Stuart,Major General,False,Stuart,J.E.B.,,
VA042,US,J. Kilpatrick,Major General,False,Kilpatrick,J.,,
VA043,Confederate,Robert E. Lee,General,False,Lee,Robert,E.,
VA043,US,George G. Meade,Major General,False,Meade,George,G.,
VA044,Confederate,Robert E. Lee,General,False,Lee,Robert,E.,
VA044,US,George G. Meade,Major General,False,Meade,George,G.,
VA045,Confederate,Richard S. Ewell,Lieutenant General,False,Ewell,Richard,S.,
VA045,US,John C. Caldwell,Major General,False,Caldwell,John,C.,
VA046,Confederate,Robert E. Lee,General,False,Lee,Robert,E.,
VA046,US,Ulysses S. Grant,Lieutenant General,False,Grant,Ulysses,S.,
VA046,US,George G. Meade,Major General,False,Meade,George,G.,
VA047,Confederate,Johnson Hagood,Brigadier General,False,Hagood,Johnson,,
VA047,US,Benjamin Butler,Major General,False,Butler,Benjamin,,
VA048,Confederate,Robert E. Lee,General,False,Lee,Robert,E.,
VA048,US,Ulysses S. Grant,Lieutenant General,False,Grant,Ulysses,S.,
VA048,US,George G. Meade,Major General,False,Meade,George,G.,
VA049,Confederate,Albert Jenkins,Brigadier General,False,Jenkins,Albert,,
VA049,US,George Crook,Brigadier General,False,Crook,George,,
VA050,Confederate,P.G.T. Beauregard,General,False,Beauregard,P.G.T.,,
VA050,US,Benjamin Butler,Major General,False,Butler,Benjamin,,
VA051,Confederate,P.G.T. Beauregard,General,False,Beauregard,P.G.T.,,
VA051,US,Benjamin Butler,General,False,Butler,Benjamin,,
VA052,Confederate,J.E.B. Stuart,Major General,False,Stuart,J.E.B.,,
VA052,US,Philip Sheridan,Major General,False,Sheridan,Philip,,
VA053,Confederate,P.G.T. Beauregard,General,False,Beauregard,P.G.T.,,
VA053,US,Benjamin Butler,Major General,False,Butler,Benjamin,,
VA054,Confederate,P.G.T. Beauregard,General,False,Beauregard,P.G.T.,,
VA054,US,Benjamin Butler,Major General,False,Butler,Benjamin,,
VA055,Confederate,Robert E. Lee,General,False,Lee,Robert,E.,
VA055,US,Ulysses S. Grant,Lieutenant General,False,Grant,Ulysses,S.,
VA055,US,George G. Meade,Major General,False,Meade,George,G.,
VA056,Confederate,Fitzhugh Lee,Major General,False,Lee,Fitzhugh,,
VA056,US,Edward Wild,Brigadier General,False,Wild,Edward,,
VA057,Confederate,Robert E. Lee,General,False,Lee,Robert,E.,
VA057,US,Ulysses S. Grant,Lieutenant General,False,Grant,Ulysses,S.,
VA057,US,George G. Meade,Major General,False,Meade,George,G.,
VA058,Confederate,Fitzhugh Lee,Major General,False,Lee,Fitzhugh,,
VA058,Confederate,Wade Hampton,Major General,False,Hampton,Wade,,
VA058,US,David M. Gregg,Brigadier General,False,Gregg,David,M.,
VA059,Confederate,Matthew C. Butler,Brigadier General,False,Butler,Matthew,C.,
VA059,US,Alfred Torbert,Brigadier General,False,Torbert,Alfred,,
VA062,Confederate,Robert E. Lee,General,False,Lee,Robert,E.,
VA062,US,Ulysses S. Grant,Lieutenant General,False,Grant,Ulysses,S.,
VA062,US,George G. Meade,Major General,False,Meade,George,G.,
VA063,Confederate,Robert E. Lee,General,False,Lee,Robert,E.,
VA063,Confederate,P.G.T. Beauregard,General,False,Beauregard,P.G.T.,,
VA063,US,Ulysses S. Grant,Lieutenant General,False,Grant,Ulysses,S.,
VA063,US,George G. Meade,Major General,False,Meade,George,G.,
VA064,Confederate,Jubal A. Early,Lieutenant General,False,Early,Jubal,A.,
VA064,US,David Hunter,Major General,False,Hunter,David,,
VA065,Confederate,A.P. Hill,Major General,False,Hill,A.P.,,
VA065,US,David B. Birney,Major General,False,Birney,David,B.,
VA065,US,Horatio Wright,Major General,False,Wright,Horatio,,
VA066,Confederate,Wade Hampton,Major General,False,Hampton,Wade,,
VA066,US,Philip Sheridan,Major General,False,Sheridan,Philip,,
VA067,Confederate,Wade Hampton,Major General,False,Hampton,Wade,,
VA067,US,James Wilson,Brigadier General,False,Wilson,James,,
VA067,US,August Kautz,Brigadier General,False,Kautz,August,,
VA068,Confederate,William Mahone,Major General,False,Mahone,William,,
VA068,Confederate,Fitzhugh Lee,Major General,False,Lee,Fitzhugh,,
VA068,US,James Wilson,Major General,False,Wilson,James,,
VA068,US,August Kautz,Brigadier General,False,Kautz,August,,
VA069,Confederate,Charles Field,Major General,False,Field,Charles,,
VA069,US,Winfield Scott Hancock,Major General,False,Hancock,Winfield,Scott,
VA070,Confederate,Robert E. Lee,General,False,Lee,Robert,E.,
VA070,US,Ambrose E. Burnside,Major General,False,Burnside,Ambrose,E.,
VA071,Confederate,Robert E. Lee,General,False,Lee,Robert,E.,
VA071,Confederate,Charles Field,Major General,False,Field,Charles,,
VA071,US,Winfield Scott Hancock,Major General,False,Hancock,Winfield,Scott,
VA072,Confederate,Robert E. Lee,General,False,Lee,Robert,E.,
VA072,Confederate,A.P. Hill,Lieutenant General,False,Hill,A.P.,,
VA072,Confederate,Henry Heth,Major General,False,Heth,Henry,,
VA072,Confederate,William Mahone,Major General,False,Mahone,William,,
VA072,US,G.K. Warren,Major General,False,Warren,G.K.,,
VA073,Confederate,Henry Heth,Major General,False,Heth,Henry,,
VA073,US,Winfield Scott Hancock,Major General,False,Hancock,Winfield,Scott,
VA074,Confederate,A.P. Hill,Lieutenant General,False,Hill,A.P.,,
VA074,Confederate,Wade Hampton,Major General,False,Hampton,Wade,,
VA074,US,George G. Meade,Major General,False,Meade,George,G.,
VA074,US,John G. Parke,Major General,False,Parke,John,G.,
VA074,US,G.K. Warren,Major General,False,Warren,G.K.,,
VA075,Confederate,Robert E. Lee,General,False,Lee,Robert,E.,
VA075,Confederate,Richard S. Ewell,Lieutenant General,False,Ewell,Richard,S.,
VA075,US,Benjamin Butler,Major General,False,Butler,Benjamin,,
VA076,Confederate,Alfred E. Jackson,Brigadier General,False,Jackson,Alfred,E.,
VA076,US,Stephen Burbridge,Brigadier General,False,Burbridge,Stephen,,
VA077,Confederate,Robert E. Lee,General,False,Lee,Robert,E.,
VA077,US,A. Kautz,Brigadier General,False,Kautz,A.,,
VA077,US,David Birney,Major General,False,Birney,David,,
VA078,Confederate,Richard Anderson,Lieutenant General,False,Anderson,Richard,,
VA078,US,Alfred Terry,Major General,False,Terry,Alfred,,
VA079,Confederate,Henry Heth,Major General,False,Heth,Henry,,
VA079,US,Winfield Scott Hancock,Major General,False,Hancock,Winfield,Scott,
VA080,Confederate,James Longstreet,Lieutenant General,False,Longstreet,James,,
VA080,US,Benjamin Butler,Major General,False,Butler,Benjamin,,
VA081,Confederate,John C. Breckinridge,Major General,False,Breckinridge,John,C.,
VA081,US,George Stoneman,Major General,False,Stoneman,George,,
VA082,Confederate,John C. Breckinridge,Major General,False,Breckinridge,John,C.,
VA082,US,George Stoneman,Major General,False,Stoneman,George,,
VA083,Confederate,John B. Gordon,Major General,False,Gordon,John,B.,
VA083,US,A.A. Humphreys,Major General,False,Humphreys,A.A.,,
VA083,US,G.K. Warren,Major General,False,Warren,G.K.,,
VA084,Confederate,Robert E. Lee,General,False,Lee,Robert,E.,
VA084,Confederate,John B. Gordon,Major General,False,Gordon,John,B.,
VA084,US,John G. Parke,Major General,False,Parke,John,G.,
VA085,Confederate,Bushrod R. Johnson,Major General,False,Johnson,Bushrod,R.,
VA085,US,G.K. Warren,Major General,False,Warren,G.K.,,
VA086,Confederate,George Pickett,Major General,False,Pickett,George,,
VA086,Confederate,Fitzhugh Lee,Major General,False,Lee,Fitzhugh,,
VA086,US,Philip Sheridan,Major General,False,Sheridan,Philip,,
VA087,Confederate,Robert E. Lee,General,False,Lee,Robert,E.,
VA087,Confederate,Richard H. Anderson,Lieutenant General,False,Anderson,Richard,H.,
VA087,US,G.K. Warren,Major General,False,Warren,G.K.,,
VA088,Confederate,George Pickett,Major General,False,Pickett,George,,
VA088,US,Philip Sheridan,Major General,False,Sheridan,Philip,,
VA089,Confederate,Robert E. Lee,General,False,Lee,Robert,E.,
VA089,US,Ulysses S. Grant,Lieutenant General,False,Grant,Ulysses,S.,
VA090,Confederate,Henry Heth,Major General,False,Heth,Henry,,
VA090,Confederate,Cadmus Wilcox,Major General,False,Wilcox,Cadmus,,
VA090,US,Nelson A. Miles,Major General,False,Miles,Nelson,A.,
VA091,Confederate,Rosser,Major General,False,,Rosser,,
VA091,Confederate,Fitzhugh Lee,Major General,False,Lee,Fitzhugh,,
VA091,US,George Crook,Major General,False,Crook,George,,
VA092,Confederate,James Longstreet,Lieutenant General,False,Longstreet,James,,
VA092,US,John Gibbon,Major General,False,Gibbon,John,,
VA093,Confederate,Richard Ewell,Lieutenant General,False,Ewell,Richard,,
VA093,Confederate,John B. Gordon,Major General,False,Gordon,John,B.,
VA093,US,Philip Sheridan,Major General,False,Sheridan,Philip,,
VA094,Confederate,Robert E. Lee,General,False,Lee,Robert,E.,
VA094,US,A.A. Humphreys,Major General,False,Humphreys,A.A.,,
VA095,Confederate,Thomas Rosser,Major General,False,Rosser,Thomas,,
VA095,Confederate,William Mahone,Major General,False,Mahone,William,,
VA095,US,T. Read,Colonel,False,Read,T.,,
VA095,US,A.A. Humphreys,Major General,False,Humphreys,A.A.,,
VA096,Confederate,Lindsay Walker,Brigadier General,False,Walker,Lindsay,,
VA096,US,George A. Custer,Major General,False,Custer,George,A.,
VA097,Confederate,Robert E. Lee,General,False,Lee,Robert,E.,
VA097,US,Ulysses S. Grant,Lieutenant General,False,Grant,Ulysses,S.,
VA098,Confederate,P.G.T. Beauregard,General,False,Beauregard,P.G.T.,,
VA098,US,Quincy Gillmore,Major General,False,Gillmore,Quincy,,
VA099,Confederate,Wade Hampton,Major General,False,Hampton,Wade,,
VA099,US,Philip Sheridan,Major General,False,Sheridan,Philip,,
VA100,Confederate,S.G. French,Brigadier General,False,French,S.G.,,
VA100,US,R.H. Wyman,Lieutenant,False,Wyman,R.H.,,
VA101,Confederate,Thomas J. Jackson,Major General,False,Jackson,Thomas,J.,
VA101,US,Nathan Kimball,Colonel,False,Kimball,Nathan,,
VA102,Confederate,Thomas J. Jackson,Major General,False,Jackson,Thomas,J.,
VA102,US,Robert Milroy,Brigadier General,False,Milroy,Robert,,
VA102,US,Robert Schenck,Brigadier General,False,Schenck,Robert,,
VA103,Confederate,Thomas J. Jackson,Major General,False,Jackson,Thomas,J.,
VA103,US,John R. Kenly,Colonel,False,Kenly,John,R.,
VA104,Confederate,T.J. Jackson,Major General,False,Jackson,T.J.,,
VA104,US,Nathaniel P. Banks,Major General,False,Banks,Nathaniel,P.,
VA105,Confederate,Richard S. Ewell,Major General,False,Ewell,Richard,S.,
VA105,US,John C. Frémont,Major General,False,Frémont,John,C.,
VA106,Confederate,Thomas J. Jackson,Major General,False,Jackson,Thomas,J.,
VA106,US,Erastus Tyler,Brigadier General,False,Tyler,Erastus,,
VA107,Confederate,Richard S. Ewell,Lieutenant General,False,Ewell,Richard,S.,
VA107,US,Robert Milroy,Brigadier General,False,Milroy,Robert,,
VA108,Confederate,Richard Anderson,Major General,False,Anderson,Richard,,
VA108,US,William H. French,Major General,False,French,William,H.,
VA109,US,William W. Averell,Brigadier General,False,Averell,William,W.,
VA110,Confederate,John C. Breckinridge,Major General,False,Breckinridge,John,C.,
VA110,US,Franz Sigel,Major General,False,Sigel,Franz,,
VA111,Confederate,William E. Jones,Brigadier General,False,Jones,William,E.,
VA111,US,David Hunter,Major General,False,Hunter,David,,
VA113,US,James Wilson,Brigadier General,False,Wilson,James,,
VA113,US,August Kautz,Brigadier General,False,Kautz,August,,
VA114,Confederate,Jubal A. Early,Lieutenant General,False,Early,Jubal,A.,
VA114,US,Horatio Wright,Major General,False,Wright,Horatio,,
VA115,Confederate,S.D. Ramseur,Major General,False,Ramseur,S.D.,,
VA115,US,William W. Averell,Brigadier General,False,Averell,William,W.,
VA116,Confederate,Jubal Early,Lieutenant General,False,Early,Jubal,,
VA116,US,George Crook,Brigadier General,False,Crook,George,,
VA117,Confederate,Richard Anderson,Lieutenant General,False,Anderson,Richard,,
VA117,US,Wesley Merritt,Brigadier General,False,Merritt,Wesley,,
VA118,Confederate,Jubal Early,Lieutenant General,False,Early,Jubal,,
VA118,US,Philip Sheridan,Major General,False,Sheridan,Philip,,
VA119,Confederate,Jubal A. Early,Lieutenant General,False,Early,Jubal,A.,
VA119,US,Philip Sheridan,Major General,False,Sheridan,Philip,,
VA120,Confederate,Jubal A. Early,Lieutenant General,False,Early,Jubal,A.,
VA120,US,Philip Sheridan,Major General,False,Sheridan,Philip,,
VA121,Confederate,Thomas Rosser,Major General,False,Rosser,Thomas,,
VA121,US,Alfred Torbert,Brigadier General,False,Torbert,Alfred,,
VA122,Confederate,Jubal Early,Lieutenant General,False,Early,Jubal,,
VA122,US,Horatio Wright,Major General,False,Wright,Horatio,,
VA122,US,Philip Sheridan,Major General,False,Sheridan,Philip,,
VA123,Confederate,Jubal Early,Lieutenant General,False,Early,Jubal,,
VA123,US,Philip Sheridan,Major General,False,Sheridan,Philip,,
VA124,Confederate,Fitzhugh Lee,Major General,False,Lee,Fitzhugh,,
VA124,US,George A. Custer,Major General,False,Custer,George,A.,
VA125,Confederate,H. Judson Kilpatrick,Brigadier General,False,Kilpatrick,H.,Judson,
VA125,Confederate,Ulric Dahlgren,Colonel,False,Dahlgren,Ulric,,
VA125,US,Wade Hampton,Major General,False,Hampton,Wade,,
WV001,Confederate,George A. Porterfield,Colonel,False,Porterfield,George,A.,
WV001,US,Thomas A. Morris,Brigadier General,False,Morris,Thomas,A.,
WV002,Confederate,Thomas J. Jackson,Colonel,False,Jackson,Thomas,J.,
WV002,US,George H. Thomas,Colonel,False,Thomas,George,H.,
WV002,US,John J. Abercrombie,Colonel,False,Abercrombie,John,J.,
WV003,Confederate,John Pegram,Lieutenant Colonel,False,Pegram,John,,
WV003,US,George B. McClellan,Major General,False,McClellan,George,B.,
WV003,US,William S. Rosecrans,Brigadier General,False,Rosecrans,William,S.,
WV004,Confederate,John Floyd,Brigadier General,False,Floyd,John,,
WV004,US,Erastus Tyler,Colonel,False,Tyler,Erastus,,
WV005,Confederate,Robert E. Lee,General,False,Lee,Robert,E.,
WV005,US,Joseph J. Reynolds,Brigadier General,False,Reynolds,Joseph,J.,
WV006,Confederate,John Floyd,Brigadier General,False,Floyd,John,,
WV006,US,William S. Rosecrans,Brigadier General,False,Rosecrans,William,S.,
WV007,Confederate,Henry R. Jackson,Brigadier General,False,Jackson,Henry,R.,
WV007,US,Joseph J. Reynolds,Brigadier General,False,Reynolds,Joseph,J.,
WV008,Confederate,Edward Johnson,Colonel,False,Johnson,Edward,,
WV008,US,Robert Milroy,Brigadier General,False,Milroy,Robert,,
WV009,Confederate,Humphrey Marshall,Brigadier General,False,Marshall,Humphrey,,
WV009,US,Jacob D. Cox,Brigadier General,False,Cox,Jacob,D.,
WV010,Confederate,Thomas J. Jackson,Major General,False,Jackson,Thomas,J.,
WV010,US,Dixon S. Miles,Colonel,False,Miles,Dixon,S.,
WV012,Confederate,John Echols,Brigadier General,False,Echols,John,,
WV012,US,William W. Averell,Brigadier General,False,Averell,William,W.,
WV013,Confederate,Bradley T. Johnson,Brigadier General,False,Johnson,Bradley,T.,
WV013,US,William W. Averell,Brigadier General,False,Averell,William,W.,
WV014,Confederate,Jubal Early,Lieutenant General,False,Early,Jubal,,
WV014,US,Philip Sheridan,Major General,False,Sheridan,Philip,,
WV015,Confederate,Jubal Early,Lieutenant General,False,Early,Jubal,,
WV015,US,Wesley Merritt,Brevet Major General,False,Merritt,Wesley,,
WV016,Confederate,Robert E. Lee,General,False,Lee,Robert,E.,
WV016,Confederate,William Pendleton,Brigadier General,False,Pendleton,William,,
WV016,Confederate,A.P. Hill,Major General,False,Hill,A.P.,,
WV016,US,George B. McClellan,Major General,False,McClellan,George,B.,
WV016,US,Fitz John Porter,Major General,False,Porter,Fitz,John,
